state_time,accelx,accely,accelz,gyrox,gyroy,gyroz,mot_ang,mot_vel,mot_acc,mot_cur,mot_volt,batt_volt,batt_curr,temperature,status_mn,status_ex,status_re,genvar_0,genvar_1,genvar_2,genvar_3,genvar_4,genvar_5,genvar_6,genvar_7,genvar_8,genvar_9,ank_ang,ank_vel,sys_time,event flags
125440,-510,8042,882,330,-21,0,14060,6,1,-4,0,37104,154,30,65,0,0,0,0,0,0,0,0,-32306,0,0,0,0,0,1287,0
125445,-406,8080,874,327,-16,0,14060,0,2,-3,0,37103,153,30,65,0,0,0,0,0,0,0,0,-32306,0,0,0,0,0,125445,0
125450,-392,8090,870,328,-23,-5,14059,-5,-1,-4,0,37103,153,30,65,0,0,0,0,0,0,0,0,-32305,0,0,0,0,0,125450,0
125455,-384,8146,836,326,-27,1,14060,0,-1,-3,0,37101,153,30,65,0,0,0,0,0,0,0,0,-32306,0,0,0,0,0,125455,0
125460,-454,8156,744,320,-19,-5,14060,-2,1,-3,0,37101,153,30,65,0,0,0,0,0,0,0,0,-32305,0,0,0,0,0,125460,0
125465,-480,8184,712,313,-21,-5,14059,-1,1,-3,0,37102,156,30,65,0,0,0,0,0,0,0,0,-32306,0,0,0,0,0,125465,0
125470,-466,8122,698,314,-16,-9,14059,1,1,-4,0,37102,156,30,65,0,0,0,0,0,0,0,0,-32306,0,0,0,0,0,125470,0
125475,-516,8152,714,310,-12,1,14061,6,-1,-4,0,37104,147,30,65,0,0,0,0,0,0,0,0,-32306,0,0,0,0,0,125475,0
125480,-596,8118,688,300,-26,1,14060,2,3,-4,0,37104,147,30,65,0,0,0,0,0,0,0,0,-32306,0,0,0,0,0,125480,0
125485,-602,8124,662,300,-21,12,14060,-1,4,-5,0,37102,150,30,65,0,0,0,0,0,0,0,0,-32306,0,0,0,0,0,125485,0
125490,-608,8094,584,298,-23,10,14060,-4,-1,-4,0,37102,150,30,65,0,0,0,0,0,0,0,0,-32306,0,0,0,0,0,125490,0
125495,-562,8084,542,286,-25,14,14060,0,0,-3,0,37099,141,30,65,0,0,0,0,0,0,0,0,-32306,0,0,0,0,0,125495,0
125500,-594,8148,596,278,-25,19,14060,4,0,-2,0,37099,141,30,65,0,0,0,0,0,0,0,0,-32306,0,0,0,0,0,125500,0
125505,-576,8160,506,266,-19,21,14061,1,2,-4,0,37097,140,30,65,0,0,0,0,0,0,0,0,-32306,0,0,0,0,0,125505,0
125510,-628,8170,422,262,-20,25,14059,-7,2,-3,0,37097,140,30,65,0,0,0,0,0,0,0,0,-32306,0,0,0,0,0,125511,0
125515,-640,8150,362,248,-27,32,14060,2,3,-4,0,37096,127,30,65,0,0,0,0,0,0,0,0,-32306,0,0,0,0,0,125516,0
125520,-664,8208,446,232,-27,41,14060,-1,-1,-4,0,37096,127,30,65,0,0,0,0,0,0,0,0,-32306,0,0,0,0,0,125521,0
125525,-602,8154,416,226,-30,44,14061,-2,6,-2,0,37094,141,30,65,0,0,0,0,0,0,0,0,-32306,0,0,0,0,0,125526,0
125530,-604,8132,428,216,-30,45,14060,-4,-3,-4,0,37094,141,30,65,0,0,0,0,0,0,0,0,-32306,0,0,0,0,0,125531,0
125535,-632,8116,426,202,-34,51,14060,2,2,-5,0,37093,139,30,65,0,0,0,0,0,0,0,0,-32306,0,0,0,0,0,125536,0
125540,-662,8128,482,185,-39,59,14059,-2,-5,-3,0,37093,139,30,65,0,0,0,0,0,0,0,0,-32306,0,0,0,0,0,125541,0
125545,-648,8024,466,177,-46,58,14061,4,0,-4,0,37093,139,30,65,0,0,0,0,0,0,0,0,-32306,0,0,0,0,0,125546,0
125550,-642,8076,544,172,-52,58,14060,3,0,-4,0,37093,139,30,65,0,0,0,0,0,0,0,0,-32305,0,0,0,0,0,125551,0
125555,-528,8046,496,165,-49,63,14060,-2,0,-3,0,37095,138,30,65,0,0,0,0,0,0,0,0,-32306,0,0,0,0,0,125556,0
125560,-416,8164,500,154,-45,64,14060,0,0,-4,0,37095,138,30,65,0,0,0,0,0,0,0,0,-32306,0,0,0,0,0,125561,0
125565,-444,8160,560,146,-51,55,14060,-2,-1,-3,0,37093,147,30,65,0,0,0,0,0,0,0,0,-32306,0,0,0,0,0,125566,0
125570,-318,8128,570,142,-52,52,14061,5,-2,-4,0,37093,147,30,65,0,0,0,0,0,0,0,0,-32306,0,0,0,0,0,125571,0
125575,-242,8132,642,131,-50,51,14059,-6,-2,-4,0,37084,155,30,65,0,0,0,0,0,0,0,0,-32306,0,0,0,0,0,125576,0
125580,-266,8228,622,126,-51,46,14060,3,1,-4,0,37084,155,30,65,0,0,0,0,0,0,0,0,-32306,0,0,0,0,0,125581,0
125585,-274,8264,662,125,-51,37,14060,-1,1,-5,0,37077,144,30,65,0,0,0,0,0,0,0,0,-32306,0,0,0,0,0,125586,0
125590,-200,8228,634,115,-53,25,14059,-9,-6,-6,0,37077,144,30,65,0,0,0,0,0,0,0,0,-32306,0,0,0,0,0,125591,0
125595,-182,8206,636,117,-50,19,14061,1,3,-5,0,37082,139,30,65,0,0,0,0,0,0,0,0,-32306,0,0,0,0,0,125596,0
125600,-214,8164,746,115,-54,4,14060,0,-2,-2,0,37082,139,30,65,0,0,0,0,0,0,0,0,-32306,0,0,0,0,0,125601,0
125605,-210,8144,732,113,-49,0,14060,5,-3,-3,0,37084,151,30,65,0,0,0,0,0,0,0,0,-32306,0,0,0,0,0,125606,0
125610,-188,8130,768,110,-43,-9,14060,3,0,-2,0,37084,151,30,65,0,0,0,0,0,0,0,0,-32306,0,0,0,0,0,125611,0
125615,-224,8126,780,115,-46,-16,14060,1,5,-2,0,37081,154,30,65,0,0,0,0,0,0,0,0,-32306,0,0,0,0,0,125616,0
125620,-226,8040,794,111,-40,-30,14060,1,0,-3,0,37081,154,30,65,0,0,0,0,0,0,0,0,-32306,0,0,0,0,0,125621,0
125625,-244,8112,810,120,-41,-39,14060,-1,2,-2,0,37073,154,30,65,0,0,0,0,0,0,0,0,-32306,0,0,0,0,0,125626,0
125630,-220,8148,874,123,-40,-44,14060,-1,0,-3,0,37073,154,30,65,0,0,0,0,0,0,0,0,-32306,0,0,0,0,0,125631,0
125635,-222,8130,922,120,-42,-49,14060,-3,-2,-5,0,37075,149,30,65,0,0,0,0,0,0,0,0,-32306,0,0,0,0,0,125636,0
125640,-238,8108,906,125,-32,-60,14060,-1,1,-4,0,37075,149,30,65,0,0,0,0,0,0,0,0,-32306,0,0,0,0,0,125641,0
125645,-230,8088,934,134,-20,-68,14060,-3,-2,-2,0,37077,149,30,65,0,0,0,0,0,0,0,0,-32306,0,0,0,0,0,125646,0
125650,-268,8084,966,138,-27,-73,14059,1,-2,-2,0,37077,149,30,65,0,0,0,0,0,0,0,0,-32306,0,0,0,0,0,125651,0
125655,-264,8076,956,140,-20,-77,14061,1,-1,-3,0,37074,147,30,65,0,0,0,0,0,0,0,0,-32306,0,0,0,0,0,125656,0
125660,-294,8116,926,152,-29,-92,14060,6,-1,-2,0,37074,147,30,65,0,0,0,0,0,0,0,0,-32305,0,0,0,0,0,125661,0
125665,-322,8122,968,163,-41,-95,14060,0,1,-3,0,37071,150,30,65,0,0,0,0,0,0,0,0,-32306,0,0,0,0,0,125666,0
125670,-350,8120,938,162,-47,-102,14061,0,3,-4,0,37071,150,30,65,0,0,0,0,0,0,0,0,-32306,0,0,0,0,0,125671,0
125675,-364,8090,920,173,-53,-108,14060,5,3,-4,0,37072,147,30,65,0,0,0,0,0,0,0,0,-32306,0,0,0,0,0,125676,0
125680,-448,8050,818,179,-72,-114,14060,0,-3,-3,0,37072,147,30,65,0,0,0,0,0,0,0,0,-32306,0,0,0,0,0,125681,0
125685,-678,8008,888,187,-75,-110,14060,3,2,-5,0,37077,145,30,65,0,0,0,0,0,0,0,0,-32306,0,0,0,0,0,125686,0
125690,-520,7934,896,186,-85,-120,14059,-5,2,-3,0,37077,145,30,65,0,0,0,0,0,0,0,0,-32306,0,0,0,0,0,125691,0
125695,-512,8004,892,190,-83,-119,14059,-3,-3,-1,0,37084,155,30,65,0,0,0,0,0,0,0,0,-32306,0,0,0,0,0,125696,0
125700,-538,8046,958,195,-98,-119,14059,0,-1,-3,0,37084,155,30,65,0,0,0,0,0,0,0,0,-32306,0,0,0,0,0,125701,0
125705,-524,8050,916,208,-96,-125,14061,5,1,-3,0,37080,150,30,65,0,0,0,0,0,0,0,0,-32306,0,0,0,0,0,125706,0
125710,-526,8110,910,215,-97,-120,14060,1,1,-3,0,37080,150,30,65,0,0,0,0,0,0,0,0,-32306,0,0,0,0,0,125711,0
125715,-498,8118,918,207,-104,-119,14060,-1,0,-3,0,37081,141,30,65,0,0,0,0,0,0,0,0,-32306,0,0,0,0,0,125716,0
125720,-660,8012,718,223,-100,-121,14060,4,-3,-5,0,37081,141,30,65,0,0,0,0,0,0,0,0,-32306,0,0,0,0,0,125721,0
125725,-590,8058,824,217,-98,-112,14060,-3,0,-3,0,37078,132,30,65,0,0,0,0,0,0,0,0,-32306,0,0,0,0,0,125726,0
125730,-596,8122,848,218,-97,-112,14061,-1,-1,-4,0,37078,132,30,65,0,0,0,0,0,0,0,0,-32306,0,0,0,0,0,125731,0
125735,-604,8034,708,234,-86,-114,14060,-2,-2,-4,0,37078,128,30,65,0,0,0,0,0,0,0,0,-32305,0,0,0,0,0,125736,0
125740,-608,8116,874,234,-76,-101,14060,-6,2,-3,0,37078,128,30,65,0,0,0,0,0,0,0,0,-32306,0,0,0,0,0,125741,0
125745,-556,8058,926,240,-72,-102,14060,0,0,-2,0,37073,142,30,65,0,0,0,0,0,0,0,0,-32306,0,0,0,0,0,125746,0
125750,-628,8100,902,246,-68,-100,14059,4,-1,-1,0,37073,142,30,65,0,0,0,0,0,0,0,0,-32306,0,0,0,0,0,125751,0
125755,-562,8022,956,250,-63,-94,14061,0,4,-3,0,37071,150,30,65,0,0,0,0,0,0,0,0,-32306,0,0,0,0,0,125756,0
125760,-578,8024,922,256,-55,-88,14061,1,6,-3,0,37071,150,30,65,0,0,0,0,0,0,0,0,-32306,0,0,0,0,0,125761,0
125765,-578,7954,930,258,-45,-85,14059,-1,4,-2,0,37073,150,30,65,0,0,0,0,0,0,0,0,-32306,0,0,0,0,0,125766,0
125770,-670,7978,822,267,-45,-87,14061,7,3,-3,0,37073,150,30,65,0,0,0,0,0,0,0,0,-32305,0,0,0,0,0,125771,0
125775,-634,7970,884,270,-38,-80,14060,1,-4,-4,0,37072,150,30,65,0,0,0,0,0,0,0,0,-32306,0,0,0,0,0,125776,0
125780,-708,8008,748,286,-38,-77,14060,2,4,-4,0,37072,150,30,65,0,0,0,0,0,0,0,0,-32306,0,0,0,0,0,125781,0
125785,-652,7960,824,288,-33,-69,14060,1,-2,-4,0,37070,150,30,65,0,0,0,0,0,0,0,0,-32305,0,0,0,0,0,125786,0
125790,-608,8072,822,283,-27,-60,14061,4,4,-3,0,37070,150,30,65,0,0,0,0,0,0,0,0,-32306,0,0,0,0,0,125791,0
125795,-710,8044,678,299,-29,-68,14060,5,2,-3,0,37069,146,30,65,0,0,0,0,0,0,0,0,-32306,0,0,0,0,0,125796,0
125800,-624,8058,774,288,-15,-55,14059,-5,-3,-1,0,37069,146,30,65,0,0,0,0,0,0,0,0,-32306,0,0,0,0,0,125801,0
125805,-646,8132,742,298,-12,-58,14060,-5,3,-4,0,37074,144,30,65,0,0,0,0,0,0,0,0,-32305,0,0,0,0,0,125806,0
125810,-574,8142,752,295,-7,-48,14060,7,-2,-4,0,37074,144,30,65,0,0,0,0,0,0,0,0,-32306,0,0,0,0,0,125811,0
125815,-616,8036,772,302,-2,-48,14060,-3,-3,-3,0,37075,140,30,65,0,0,0,0,0,0,0,0,-32306,0,0,0,0,0,125816,0
125820,-638,8120,638,294,3,-43,14060,0,0,-5,0,37075,140,30,65,0,0,0,0,0,0,0,0,-32306,0,0,0,0,0,125821,0
125825,-618,7984,634,298,6,-37,14060,-2,-3,-4,0,37075,146,30,65,0,0,0,0,0,0,0,0,-32306,0,0,0,0,0,125826,0
125830,-618,8112,670,298,5,-37,14061,-2,1,-3,0,37075,146,30,65,0,0,0,0,0,0,0,0,-32306,0,0,0,0,0,125831,0
125835,-594,8156,664,300,10,-36,14060,-5,-1,-4,0,37071,149,30,65,0,0,0,0,0,0,0,0,-32306,0,0,0,0,0,125836,0
125840,-512,8042,600,299,22,-33,14059,-2,-7,-4,0,37071,149,30,65,0,0,0,0,0,0,0,0,-32306,0,0,0,0,0,125841,0
125845,-524,8124,616,295,17,-35,14060,-2,-1,-5,0,37072,144,30,65,0,0,0,0,0,0,0,0,-32305,0,0,0,0,0,125846,0
125850,-556,8184,584,301,20,-30,14060,0,0,-4,0,37072,144,30,65,0,0,0,0,0,0,0,0,-32306,0,0,0,0,0,125851,0
125855,-572,8150,466,298,26,-37,14060,-3,0,-3,0,37075,136,30,65,0,0,0,0,0,0,0,0,-32306,0,0,0,0,0,125856,0
125860,-528,8174,488,286,24,-40,14060,-3,2,-3,0,37075,136,30,65,0,0,0,0,0,0,0,0,-32306,0,0,0,0,0,125861,0
125865,-628,8166,438,289,22,-36,14060,-1,-2,-4,0,37075,140,30,65,0,0,0,0,0,0,0,0,-32306,0,0,0,0,0,125866,0
125870,-584,8118,534,286,22,-33,14059,-5,-4,-2,0,37075,140,30,65,0,0,0,0,0,0,0,0,-32306,0,0,0,0,0,125871,0
125875,-588,8080,538,275,17,-34,14060,0,1,-3,0,37072,141,30,65,0,0,0,0,0,0,0,0,-32306,0,0,0,0,0,125876,0
125880,-594,8060,492,277,18,-37,14060,0,-1,-2,0,37072,141,30,65,0,0,0,0,0,0,0,0,-32305,0,0,0,0,0,125881,0
125885,-610,8064,504,272,17,-35,14061,0,5,-4,0,37071,135,30,65,0,0,0,0,0,0,0,0,-32305,0,0,0,0,0,125886,0
125890,-638,8100,464,274,17,-40,14061,4,4,-3,0,37071,135,30,65,0,0,0,0,0,0,0,0,-32306,0,0,0,0,0,125891,0
125895,-600,8136,486,273,12,-32,14060,0,-3,-4,0,37075,144,30,65,0,0,0,0,0,0,0,0,-32306,0,0,0,0,0,125896,0
125900,-596,8072,476,269,9,-39,14059,-2,-1,-6,0,37075,144,30,65,0,0,0,0,0,0,0,0,-32306,0,0,0,0,0,125901,0
125905,-604,8116,494,266,6,-37,14060,0,2,-6,0,37081,142,30,65,0,0,0,0,0,0,0,0,-32306,0,0,0,0,0,125906,0
125910,-612,8198,546,266,-1,-33,14060,0,2,-4,0,37081,142,30,65,0,0,0,0,0,0,0,0,-32306,0,0,0,0,0,125911,0
125915,-526,8176,510,259,7,-34,14059,1,-2,-2,0,37076,157,30,65,0,0,0,0,0,0,0,0,-32306,0,0,0,0,0,125916,0
125920,-606,8106,480,261,-7,-36,14060,-1,2,-5,0,37076,157,30,65,0,0,0,0,0,0,0,0,-32306,0,0,0,0,0,125921,0
125925,-638,8126,492,257,-5,-36,14061,0,4,-3,0,37072,149,30,65,0,0,0,0,0,0,0,0,-32305,0,0,0,0,0,125926,0
125930,-598,8090,504,259,-6,-33,14059,0,-5,-2,0,37072,149,30,65,0,0,0,0,0,0,0,0,-32306,0,0,0,0,0,125931,0
125935,-654,8080,408,258,-3,-43,14060,-2,2,-4,0,37070,152,30,65,0,0,0,0,0,0,0,0,-32306,0,0,0,0,0,125936,0
125940,-504,8124,500,251,-4,-44,14060,4,-2,-4,0,37070,152,30,65,0,0,0,0,0,0,0,0,-32306,0,0,0,0,0,125941,0
125945,-572,8110,448,254,-3,-39,14060,-3,-2,-4,0,37077,161,30,65,0,0,0,0,0,0,0,0,-32306,0,0,0,0,0,125946,0
125950,-616,8090,458,250,-8,-37,14060,-2,5,-3,0,37077,161,30,65,0,0,0,0,0,0,0,0,-32305,0,0,0,0,0,125951,0
125955,-584,8214,456,242,-4,-40,14059,3,-1,-3,0,37083,151,30,65,0,0,0,0,0,0,0,0,-32306,0,0,0,0,0,125956,0
125960,-528,8118,434,246,-7,-40,14060,0,-3,-4,0,37083,151,30,65,0,0,0,0,0,0,0,0,-32306,0,0,0,0,0,125961,0
125965,-534,8222,486,243,-4,-41,14059,-5,5,-3,0,37091,153,30,65,0,0,0,0,0,0,0,0,-32305,0,0,0,0,0,125966,0
125970,-662,8182,486,241,1,-37,14059,-1,-1,-3,0,37091,153,30,65,0,0,0,0,0,0,0,0,-32306,0,0,0,0,0,125971,0
125975,-614,8252,448,238,-1,-40,14060,2,2,-5,0,37101,144,30,65,0,0,0,0,0,0,0,0,-32306,0,0,0,0,0,125976,0
125980,-604,8114,518,240,-1,-36,14060,0,-1,-4,0,37101,144,30,65,0,0,0,0,0,0,0,0,-32306,0,0,0,0,0,125981,0
125985,-730,8064,422,236,6,-35,14059,-7,-1,-4,0,37095,144,30,65,0,0,0,0,0,0,0,0,-32306,0,0,0,0,0,125986,0
125990,-664,8058,536,239,0,-30,14059,-1,2,-4,0,37095,144,30,65,0,0,0,0,0,0,0,0,-32306,0,0,0,0,0,125991,0
125995,-740,8078,494,238,4,-32,14059,-7,2,-4,0,37084,139,30,65,0,0,0,0,0,0,0,0,-32306,0,0,0,0,0,125996,0
126000,-756,7968,502,238,3,-25,14061,5,1,-4,0,37084,139,30,65,0,0,0,0,0,0,0,0,-32306,0,0,0,0,0,126001,0
126005,-760,8056,500,235,5,-15,14059,1,5,-5,0,37072,137,30,65,0,0,0,0,0,0,0,0,-32305,0,0,0,0,0,126006,0
126010,-862,8036,422,240,6,-17,14060,1,3,-5,0,37072,137,30,65,0,0,0,0,0,0,0,0,-32306,0,0,0,0,0,126011,0
126015,-798,8034,482,232,6,-11,14061,0,-4,-2,0,37070,139,30,65,0,0,0,0,0,0,0,0,-32305,0,0,0,0,0,126016,0
126020,-780,8028,480,233,7,1,14060,3,4,-4,0,37070,139,30,65,0,0,0,0,0,0,0,0,-32306,0,0,0,0,0,126021,0
126025,-814,8044,502,237,13,6,14060,-5,-2,-3,0,37072,139,30,65,0,0,0,0,0,0,0,0,-32306,0,0,0,0,0,126026,0
126030,-826,8058,488,233,11,13,14059,-4,-3,-5,0,37072,139,30,65,0,0,0,0,0,0,0,0,-32305,0,0,0,0,0,126031,0
126035,-836,8034,478,240,7,13,14060,0,-4,-5,0,37073,136,30,65,0,0,0,0,0,0,0,0,-32306,0,0,0,0,0,126036,0
126040,-848,8044,456,234,11,24,14060,-2,1,-4,0,37073,136,30,65,0,0,0,0,0,0,0,0,-32305,0,0,0,0,0,126041,0
126045,-782,8046,472,237,8,33,14060,4,-1,-3,0,37068,141,30,65,0,0,0,0,0,0,0,0,-32306,0,0,0,0,0,126046,0
126050,-786,8058,452,234,7,36,14060,6,3,-3,0,37068,141,30,65,0,0,0,0,0,0,0,0,-32306,0,0,0,0,0,126051,0
126055,-786,8076,436,232,7,44,14060,-2,-2,-4,0,37069,146,30,65,0,0,0,0,0,0,0,0,-32306,0,0,0,0,0,126056,0
126060,-752,8072,414,233,7,51,14060,-1,-2,-1,0,37069,146,30,65,0,0,0,0,0,0,0,0,-32305,0,0,0,0,0,126061,0
126065,-720,8092,380,229,9,52,14060,0,2,-3,0,37070,141,30,65,0,0,0,0,0,0,0,0,-32306,0,0,0,0,0,126066,0
126070,-714,8128,398,232,9,55,14061,11,2,-3,0,37070,141,30,65,0,0,0,0,0,0,0,0,-32305,0,0,0,0,0,126071,0
126075,-682,8132,388,232,10,58,14060,-1,-2,-2,0,37071,147,30,65,0,0,0,0,0,0,0,0,-32306,0,0,0,0,0,126076,0
126080,-660,8132,396,229,10,69,14061,0,-1,-3,0,37071,147,30,65,0,0,0,0,0,0,0,0,-32306,0,0,0,0,0,126081,0
126085,-696,8146,370,226,10,66,14059,-3,-2,-4,0,37070,152,30,65,0,0,0,0,0,0,0,0,-32306,0,0,0,0,0,126086,0
126090,-702,8126,364,228,7,65,14060,0,2,-4,0,37070,152,30,65,0,0,0,0,0,0,0,0,-32306,0,0,0,0,0,126091,0
126095,-690,8102,364,230,12,69,14060,-2,-6,-4,0,37069,153,30,65,0,0,0,0,0,0,0,0,-32306,0,0,0,0,0,126096,0
126100,-716,8080,324,220,3,76,14061,1,4,-4,0,37069,153,30,65,0,0,0,0,0,0,0,0,-32306,0,0,0,0,0,126101,0
126105,-704,8076,344,225,4,80,14060,-1,2,-4,0,37072,149,30,65,0,0,0,0,0,0,0,0,-32306,0,0,0,0,0,126106,0
126110,-732,8100,360,223,-1,83,14059,-5,0,-3,0,37072,149,30,65,0,0,0,0,0,0,0,0,-32306,0,0,0,0,0,126111,0
126115,-692,8082,344,219,6,85,14060,-1,-2,-4,0,37079,146,30,65,0,0,0,0,0,0,0,0,-32306,0,0,0,0,0,126116,0
126120,-686,8070,316,216,-3,85,14061,0,-5,-3,0,37079,146,30,65,0,0,0,0,0,0,0,0,-32306,0,0,0,0,0,126121,0
126125,-668,8120,324,214,-1,90,14060,1,2,-1,0,37077,145,30,65,0,0,0,0,0,0,0,0,-32306,0,0,0,0,0,126126,0
126130,-660,8100,308,214,-4,91,14059,-5,3,-4,0,37077,145,30,65,0,0,0,0,0,0,0,0,-32306,0,0,0,0,0,126131,0
126135,-684,8114,304,217,-4,95,14060,-3,1,-5,0,37074,140,30,65,0,0,0,0,0,0,0,0,-32306,0,0,0,0,0,126136,0
126140,-634,8154,272,204,-5,95,14059,-3,1,-3,0,37074,140,30,65,0,0,0,0,0,0,0,0,-32306,0,0,0,0,0,126141,0
126145,-648,8164,282,203,0,91,14059,-7,2,-3,0,37070,148,30,65,0,0,0,0,0,0,0,0,-32306,0,0,0,0,0,126146,0
126150,-652,8130,248,202,-6,95,14061,2,0,-5,0,37070,148,30,65,0,0,0,0,0,0,0,0,-32305,0,0,0,0,0,126151,0
126155,-608,8126,256,196,-10,93,14061,4,4,-4,0,37072,148,30,65,0,0,0,0,0,0,0,0,-32305,0,0,0,0,0,126156,0
126160,-592,8132,244,193,-8,94,14060,-4,1,-3,0,37072,148,30,65,0,0,0,0,0,0,0,0,-32306,0,0,0,0,0,126161,0
126165,-628,8176,228,187,-8,100,14060,6,-1,-4,0,37071,156,30,65,0,0,0,0,0,0,0,0,-32306,0,0,0,0,0,126166,0
126170,-616,8154,198,177,-11,100,14060,-1,-3,-3,0,37071,156,30,65,0,0,0,0,0,0,0,0,-32306,0,0,0,0,0,126171,0
126175,-586,8148,208,182,-7,94,14060,0,-1,-3,0,37072,147,30,65,0,0,0,0,0,0,0,0,-32305,0,0,0,0,0,126176,0
126180,-658,8092,252,169,-12,100,14060,-3,-1,-5,0,37072,147,30,65,0,0,0,0,0,0,0,0,-32306,0,0,0,0,0,126181,0
126185,-712,8086,234,167,-18,99,14061,2,3,-5,0,37072,141,30,65,0,0,0,0,0,0,0,0,-32306,0,0,0,0,0,126186,0
126190,-670,8044,226,166,-16,99,14060,-8,-3,-4,0,37072,141,30,65,0,0,0,0,0,0,0,0,-32306,0,0,0,0,0,126191,0
126195,-732,8028,272,166,-17,102,14061,-5,-1,-4,0,37077,149,30,65,0,0,0,0,0,0,0,0,-32306,0,0,0,0,0,126196,0
126200,-646,8064,280,150,-14,110,14060,0,-2,-4,0,37077,149,30,65,0,0,0,0,0,0,0,0,-32306,0,0,0,0,0,126201,0
126205,-690,8136,248,149,-19,109,14061,3,3,-3,0,37075,156,30,65,0,0,0,0,0,0,0,0,-32306,0,0,0,0,0,126206,0
126210,-556,8138,324,148,-13,114,14061,0,-2,-3,0,37075,156,30,65,0,0,0,0,0,0,0,0,-32306,0,0,0,0,0,126211,0
126215,-588,8178,258,145,-15,109,14060,-1,-1,-3,0,37075,153,30,65,0,0,0,0,0,0,0,0,-32306,0,0,0,0,0,126216,0
126220,-588,8248,248,139,-12,116,14060,-1,4,-5,0,37075,153,30,65,0,0,0,0,0,0,0,0,-32306,0,0,0,0,0,126221,0
126225,-500,8196,314,135,-15,123,14060,1,0,-3,0,37072,137,30,65,0,0,0,0,0,0,0,0,-32306,0,0,0,0,0,126226,0
126230,-562,8286,238,135,-18,112,14061,-1,4,-4,0,37072,137,30,65,0,0,0,0,0,0,0,0,-32306,0,0,0,0,0,126231,0
126235,-408,8200,330,124,-11,117,14060,-3,-1,-5,0,37077,140,30,65,0,0,0,0,0,0,0,0,-32306,0,0,0,0,0,126236,0
126240,-444,8170,280,122,-18,113,14060,0,0,-4,0,37077,140,30,65,0,0,0,0,0,0,0,0,-32306,0,0,0,0,0,126241,0
126245,-494,8218,234,126,-8,105,14060,-4,-2,-4,0,37081,137,30,65,0,0,0,0,0,0,0,0,-32307,0,0,0,0,0,126246,0
126250,-440,8284,260,119,-11,110,14062,8,1,-5,0,37081,137,30,65,0,0,0,0,0,0,0,0,-32306,0,0,0,0,0,126251,0
126255,-358,8222,316,114,-12,106,14061,1,2,-3,0,37074,132,30,65,0,0,0,0,0,0,0,0,-32306,0,0,0,0,0,126256,0
126260,-410,8254,276,111,-7,100,14060,-4,-2,-2,0,37074,132,30,65,0,0,0,0,0,0,0,0,-32307,0,0,0,0,0,126261,0
126265,-382,8258,298,115,-6,96,14061,3,-2,-5,0,37070,137,30,65,0,0,0,0,0,0,0,0,-32306,0,0,0,0,0,126266,0
126270,-338,8120,282,111,-2,86,14059,-10,-2,-3,0,37070,137,30,65,0,0,0,0,0,0,0,0,-32306,0,0,0,0,0,126271,0
126275,-404,8096,280,113,2,88,14061,0,0,-4,0,37072,144,30,65,0,0,0,0,0,0,0,0,-32306,0,0,0,0,0,126276,0
126280,-404,8172,298,103,6,69,14060,-2,-5,-3,0,37072,144,30,65,0,0,0,0,0,0,0,0,-32306,0,0,0,0,0,126281,0
126285,-298,8170,334,106,8,70,14061,0,2,-4,0,37074,153,30,65,0,0,0,0,0,0,0,0,-32306,0,0,0,0,0,126286,0
126290,-288,8194,360,106,9,60,14061,6,-3,-4,0,37074,153,30,65,0,0,0,0,0,0,0,0,-32305,0,0,0,0,0,126291,0
126295,-266,8218,346,108,17,52,14060,0,1,-4,0,37072,152,30,65,0,0,0,0,0,0,0,0,-32306,0,0,0,0,0,126296,0
126300,-272,8142,358,105,16,38,14060,-2,2,-4,0,37072,152,30,65,0,0,0,0,0,0,0,0,-32306,0,0,0,0,0,126301,0
126305,-268,8168,350,108,15,33,14061,1,-1,-3,0,37070,151,30,65,0,0,0,0,0,0,0,0,-32305,0,0,0,0,0,126306,0
126310,-264,8138,368,107,21,27,14060,-2,1,-3,0,37070,151,30,65,0,0,0,0,0,0,0,0,-32306,0,0,0,0,0,126311,0
126315,-256,8178,360,101,22,13,14061,0,-1,-3,0,37071,150,30,65,0,0,0,0,0,0,0,0,-32305,0,0,0,0,0,126316,0
126320,-254,8166,332,105,28,-1,14060,-1,-1,-8,0,37071,150,30,65,0,0,0,0,0,0,0,0,-32306,0,0,0,0,0,126321,0
126325,-250,8202,336,110,31,-5,14061,0,1,-6,0,37076,137,30,65,0,0,0,0,0,0,0,0,-32306,0,0,0,0,0,126326,0
126330,-238,8220,326,104,34,-16,14061,5,2,-4,0,37076,137,30,65,0,0,0,0,0,0,0,0,-32306,0,0,0,0,0,126331,0
126335,-224,8216,316,104,34,-24,14060,-5,-2,-4,0,37074,143,30,65,0,0,0,0,0,0,0,0,-32306,0,0,0,0,0,126336,0
126340,-230,8240,310,106,37,-43,14061,4,-3,-4,0,37074,143,30,65,0,0,0,0,0,0,0,0,-32306,0,0,0,0,0,126341,0
126345,-260,8220,274,101,43,-49,14061,7,-1,-4,0,37072,144,30,65,0,0,0,0,0,0,0,0,-32306,0,0,0,0,0,126346,0
126350,-260,8238,276,101,36,-58,14060,2,3,-3,0,37072,144,30,65,0,0,0,0,0,0,0,0,-32306,0,0,0,0,0,126351,0
126355,-316,8208,268,101,41,-69,14062,13,-3,-4,0,37067,148,30,65,0,0,0,0,0,0,0,0,-32306,0,0,0,0,0,126356,0
126360,-364,8180,292,97,34,-82,14060,2,-2,-2,0,37067,148,30,65,0,0,0,0,0,0,0,0,-32306,0,0,0,0,0,126361,0
126365,-338,8158,316,101,34,-83,14060,5,2,-4,0,37068,143,30,65,0,0,0,0,0,0,0,0,-32306,0,0,0,0,0,126366,0
126370,-380,8148,290,98,38,-96,14060,0,-2,-4,0,37068,143,30,65,0,0,0,0,0,0,0,0,-32306,0,0,0,0,0,126371,0
126375,-402,8142,294,97,34,-97,14061,3,3,-4,0,37069,136,30,65,0,0,0,0,0,0,0,0,-32306,0,0,0,0,0,126376,0
126380,-410,8162,286,94,28,-106,14061,8,-3,-3,0,37069,136,30,65,0,0,0,0,0,0,0,0,-32306,0,0,0,0,0,126381,0
126385,-430,8166,276,91,39,-112,14061,7,1,-4,0,37067,143,30,65,0,0,0,0,0,0,0,0,-32306,0,0,0,0,0,126386,0
126390,-416,8198,260,92,39,-117,14060,0,-1,-3,0,37067,143,30,65,0,0,0,0,0,0,0,0,-32306,0,0,0,0,0,126391,0
126395,-436,8252,274,90,33,-121,14061,1,-2,-3,0,37066,136,30,65,0,0,0,0,0,0,0,0,-32306,0,0,0,0,0,126396,0
126400,-538,8116,140,87,41,-130,14060,0,-1,-2,0,37066,136,30,65,0,0,0,0,0,0,0,0,-32306,0,0,0,0,0,126401,0
126405,-504,8176,292,80,38,-123,14060,-3,0,-4,0,37066,144,30,65,0,0,0,0,0,0,0,0,-32306,0,0,0,0,0,126406,0
126410,-538,8236,240,80,37,-122,14060,0,-4,-3,0,37066,144,30,65,0,0,0,0,0,0,0,0,-32305,0,0,0,0,0,126411,0
126415,-648,8040,136,79,40,-132,14060,-1,1,-2,0,37070,157,30,65,0,0,0,0,0,0,0,0,-32306,0,0,0,0,0,126416,0
126420,-652,8250,256,70,42,-125,14059,-5,1,-5,0,37070,157,30,65,0,0,0,0,0,0,0,0,-32306,0,0,0,0,0,126421,0
126425,-720,8036,144,70,42,-126,14061,0,0,-6,0,37078,157,30,65,0,0,0,0,0,0,0,0,-32306,0,0,0,0,0,126426,0
126430,-772,8002,148,64,41,-118,14062,7,4,-4,0,37078,157,30,65,0,0,0,0,0,0,0,0,-32306,0,0,0,0,0,126431,0
126435,-774,8186,242,55,39,-115,14061,1,0,-4,0,37076,144,30,65,0,0,0,0,0,0,0,0,-32306,0,0,0,0,0,126436,0
126440,-848,8024,128,59,40,-101,14061,6,-1,-3,0,37076,144,30,65,0,0,0,0,0,0,0,0,-32306,0,0,0,0,0,126441,0
126445,-844,8102,208,40,42,-102,14061,3,-2,-4,0,37077,136,30,65,0,0,0,0,0,0,0,0,-32306,0,0,0,0,0,126446,0
126450,-952,8020,82,53,36,-92,14059,-2,-2,-4,0,37077,136,30,65,0,0,0,0,0,0,0,0,-32306,0,0,0,0,0,126451,0
126455,-908,7974,134,32,37,-81,14060,-2,1,-5,0,37071,145,30,65,0,0,0,0,0,0,0,0,-32306,0,0,0,0,0,126456,0
126460,-938,8000,122,28,35,-68,14061,0,-2,-4,0,37071,145,30,65,0,0,0,0,0,0,0,0,-32306,0,0,0,0,0,126461,0
126465,-930,8140,124,21,32,-61,14061,5,-1,-3,0,37069,155,30,65,0,0,0,0,0,0,0,0,-32305,0,0,0,0,0,126466,0
126470,-864,8136,104,17,34,-51,14060,0,0,-3,0,37069,155,30,65,0,0,0,0,0,0,0,0,-32305,0,0,0,0,0,126471,0
126475,-954,8010,106,15,33,-41,14061,7,-1,-3,0,37067,151,30,65,0,0,0,0,0,0,0,0,-32306,0,0,0,0,0,126476,0
126480,-992,8150,94,0,32,-21,14060,-5,-2,-1,0,37067,151,30,65,0,0,0,0,0,0,0,0,-32306,0,0,0,0,0,126481,0
126485,-946,8130,88,-12,27,-15,14061,-1,4,-4,0,37068,145,30,65,0,0,0,0,0,0,0,0,-32306,0,0,0,0,0,126486,0
126490,-998,8014,104,-12,29,-9,14061,3,-2,-5,0,37068,145,30,65,0,0,0,0,0,0,0,0,-32306,0,0,0,0,0,126491,0
126495,-1002,8074,116,-23,26,5,14060,-7,-1,-4,0,37072,140,30,65,0,0,0,0,0,0,0,0,-32306,0,0,0,0,0,126496,0
126500,-996,8104,82,-27,6,27,14061,-2,0,-3,0,37072,140,30,65,0,0,0,0,0,0,0,0,-32306,0,0,0,0,0,126501,0
126505,-1040,7986,-14,-43,17,38,14061,0,-1,-5,0,37071,147,30,65,0,0,0,0,0,0,0,0,-32306,0,0,0,0,0,126506,0
126510,-1008,8056,36,-38,25,50,14060,0,1,-3,0,37071,147,30,65,0,0,0,0,0,0,0,0,-32305,0,0,0,0,0,126511,0
126515,-1026,8060,134,-51,13,56,14060,3,2,-2,0,37068,148,30,65,0,0,0,0,0,0,0,0,-32306,0,0,0,0,0,126516,0
126520,-910,8320,282,-68,6,82,14061,-2,-2,-4,0,37068,148,30,65,0,0,0,0,0,0,0,0,-32306,0,0,0,0,0,126522,0
126525,-892,7984,-40,-75,23,97,14061,3,4,-3,0,37066,138,30,65,0,0,0,0,0,0,0,0,-32306,0,0,0,0,0,126527,0
126530,-962,8026,46,-70,35,104,14060,-4,1,-3,0,37066,138,30,65,0,0,0,0,0,0,0,0,-32306,0,0,0,0,0,126532,0
126535,-1024,8118,210,-83,20,117,14061,1,-1,-4,0,37070,139,30,65,0,0,0,0,0,0,0,0,-32306,0,0,0,0,0,126537,0
126540,-904,8076,68,-95,21,138,14060,3,-3,-2,0,37070,139,30,65,0,0,0,0,0,0,0,0,-32306,0,0,0,0,0,126542,0
126545,-968,8126,92,-100,13,142,14059,-3,-5,-2,0,37067,135,30,65,0,0,0,0,0,0,0,0,-32306,0,0,0,0,0,126547,0
126550,-982,8176,110,-107,13,155,14060,-3,2,-3,0,37067,135,30,65,0,0,0,0,0,0,0,0,-32305,0,0,0,0,0,126552,0
126555,-950,8060,92,-118,8,163,14059,-2,-3,-2,0,37061,148,30,65,0,0,0,0,0,0,0,0,-32306,0,0,0,0,0,126557,0
126560,-1040,8050,136,-128,5,185,14060,-3,-1,-2,0,37061,148,30,65,0,0,0,0,0,0,0,0,-32306,0,0,0,0,0,126562,0
126565,-1074,8006,172,-131,-2,189,14060,-3,-2,-3,0,37055,144,30,65,0,0,0,0,0,0,0,0,-32306,0,0,0,0,0,126567,0
126570,-1074,7980,208,-133,-12,203,14060,-1,-2,-3,0,37055,144,30,65,0,0,0,0,0,0,0,0,-32306,0,0,0,0,0,126572,0
126575,-1014,7954,258,-140,-13,216,14061,0,-1,-5,0,37056,146,30,65,0,0,0,0,0,0,0,0,-32306,0,0,0,0,0,126577,0
126580,-1040,7914,230,-147,-15,234,14060,-1,-1,-3,0,37056,146,30,65,0,0,0,0,0,0,0,0,-32306,0,0,0,0,0,126582,0
126585,-1070,7978,330,-149,-10,247,14060,1,0,-3,0,37057,154,30,65,0,0,0,0,0,0,0,0,-32306,0,0,0,0,0,126587,0
126590,-956,8130,400,-154,-13,259,14062,9,2,-3,0,37057,154,30,65,0,0,0,0,0,0,0,0,-32305,0,0,0,0,0,126593,0
126595,-890,8092,378,-156,-15,267,14060,3,-2,-3,0,37053,150,30,65,0,0,0,0,0,0,0,0,-32306,0,0,0,0,0,126597,0
126600,-958,8072,326,-155,-19,290,14061,8,2,-4,0,37053,150,30,65,0,0,0,0,0,0,0,0,-32306,0,0,0,0,0,126602,0
126605,-970,8066,370,-157,-23,297,14061,6,0,-5,0,37050,159,30,65,0,0,0,0,0,0,0,0,-32306,0,0,0,0,0,126607,0
126610,-1012,8068,368,-155,-28,304,14060,-4,-2,-4,0,37050,159,30,65,0,0,0,0,0,0,0,0,-32306,0,0,0,0,0,126612,0
126615,-902,8102,438,-152,-31,317,14061,-1,1,0,0,37051,155,30,65,0,0,0,0,0,0,0,0,-32306,0,0,0,0,0,126617,0
126620,-812,8076,480,-152,-44,337,14060,-2,-6,-4,0,37051,155,30,65,0,0,0,0,0,0,0,0,-32306,0,0,0,0,0,126622,0
126625,-810,8034,472,-153,-45,339,14060,-5,-4,-3,0,37052,151,30,65,0,0,0,0,0,0,0,0,-32305,0,0,0,0,0,126627,0
126630,-776,8044,506,-143,-45,345,14061,-1,3,-3,0,37052,151,30,65,0,0,0,0,0,0,0,0,-32306,0,0,0,0,0,126632,0
126635,-712,8074,530,-140,-50,351,14059,-1,-3,-3,0,37051,152,30,65,0,0,0,0,0,0,0,0,-32306,0,0,0,0,0,126637,0
126640,-640,8076,574,-139,-55,363,14060,-2,-1,-1,0,37051,152,30,65,0,0,0,0,0,0,0,0,-32306,0,0,0,0,0,126643,0
126645,-638,8082,578,-131,-50,366,14060,0,4,-4,0,37050,161,30,65,0,0,0,0,0,0,0,0,-32305,0,0,0,0,0,126648,0
126650,-592,8070,610,-133,-53,371,14061,-1,-1,-3,0,37050,161,30,65,0,0,0,0,0,0,0,0,-32306,0,0,0,0,0,126653,0
126655,-566,8062,616,-130,-53,372,14060,-5,-2,-3,0,37051,152,30,65,0,0,0,0,0,0,0,0,-32306,0,0,0,0,0,126658,0
126660,-546,8034,572,-121,-54,375,14061,1,0,-3,0,37051,152,30,65,0,0,0,0,0,0,0,0,-32306,0,0,0,0,0,126663,0
126665,-556,8036,550,-123,-48,372,14061,1,0,-3,0,37055,148,30,65,0,0,0,0,0,0,0,0,-32306,0,0,0,0,0,126668,0
126670,-528,8056,546,-119,-47,378,14061,2,0,-4,0,37055,148,30,65,0,0,0,0,0,0,0,0,-32306,0,0,0,0,0,126673,0
126675,-512,8088,556,-123,-43,376,14061,2,-1,-4,0,37056,145,30,65,0,0,0,0,0,0,0,0,-32306,0,0,0,0,0,126678,0
126680,-474,8064,528,-120,-35,382,14060,1,-2,-3,0,37056,145,30,65,0,0,0,0,0,0,0,0,-32306,0,0,0,0,0,126683,0
126685,-480,8046,458,-121,-30,386,14061,-3,2,-4,0,37055,147,30,65,0,0,0,0,0,0,0,0,-32306,0,0,0,0,0,126688,0
126690,-382,8092,514,-120,-38,381,14060,0,-1,-4,0,37055,147,30,65,0,0,0,0,0,0,0,0,-32306,0,0,0,0,0,126693,0
126695,-332,8134,470,-125,-29,380,14060,-3,-3,-2,0,37054,135,30,65,0,0,0,0,0,0,0,0,-32306,0,0,0,0,0,126698,0
126700,-306,8224,450,-125,-20,377,14061,4,-1,-2,0,37054,135,30,65,0,0,0,0,0,0,0,0,-32306,0,0,0,0,0,126703,0
126705,-302,8210,404,-130,-17,375,14060,-1,-2,-3,0,37055,136,30,65,0,0,0,0,0,0,0,0,-32306,0,0,0,0,0,126708,0
126710,-290,8238,412,-132,-19,370,14060,-3,-2,-4,0,37055,136,30,65,0,0,0,0,0,0,0,0,-32306,0,0,0,0,0,126713,0
126715,-302,8254,420,-135,-18,372,14061,2,0,-3,0,37057,146,30,65,0,0,0,0,0,0,0,0,-32306,0,0,0,0,0,126718,0
126720,-382,8182,432,-143,-19,363,14061,-2,-1,-4,0,37057,146,30,65,0,0,0,0,0,0,0,0,-32305,0,0,0,0,0,126723,0
126725,-382,8142,416,-146,-23,370,14062,6,3,-3,0,37054,154,30,65,0,0,0,0,0,0,0,0,-32306,0,0,0,0,0,126728,0
126730,-368,8138,448,-144,-22,363,14060,0,-2,-3,0,37054,154,30,65,0,0,0,0,0,0,0,0,-32306,0,0,0,0,0,126733,0
126735,-396,8118,452,-142,-22,358,14061,-2,3,-5,0,37053,149,30,65,0,0,0,0,0,0,0,0,-32306,0,0,0,0,0,126738,0
126740,-364,8142,542,-144,-38,361,14061,0,2,-3,0,37053,149,30,65,0,0,0,0,0,0,0,0,-32306,0,0,0,0,0,126743,0
126745,-390,8122,530,-145,-40,362,14060,0,-4,-6,0,37059,149,30,65,0,0,0,0,0,0,0,0,-32306,0,0,0,0,0,126748,0
126750,-354,8134,538,-138,-39,358,14061,-2,0,-5,0,37059,149,30,65,0,0,0,0,0,0,0,0,-32305,0,0,0,0,0,126753,0
126755,-310,8092,596,-141,-37,359,14062,3,3,-3,0,37062,161,30,65,0,0,0,0,0,0,0,0,-32306,0,0,0,0,0,126758,0
126760,-424,8086,546,-138,-61,357,14060,-3,-2,-4,0,37062,161,30,65,0,0,0,0,0,0,0,0,-32306,0,0,0,0,0,126763,0
126765,-442,8002,492,-142,-57,354,14061,4,-1,-4,0,37060,162,30,65,0,0,0,0,0,0,0,0,-32306,0,0,0,0,0,126768,0
126770,-460,8020,484,-134,-69,348,14061,6,1,-3,0,37060,162,30,65,0,0,0,0,0,0,0,0,-32306,0,0,0,0,0,126772,0
126775,-398,8176,530,-141,-81,357,14061,6,2,-4,0,37054,153,30,65,0,0,0,0,0,0,0,0,-32306,0,0,0,0,0,126777,0
126780,-162,8230,506,-143,-84,357,14061,-1,3,-3,0,37054,153,30,65,0,0,0,0,0,0,0,0,-32306,0,0,0,0,0,126782,0
126785,-280,8084,390,-142,-89,346,14060,3,2,-4,0,37052,145,30,65,0,0,0,0,0,0,0,0,-32306,0,0,0,0,0,126787,0
126790,-236,8168,504,-144,-84,343,14061,0,-1,-4,0,37052,145,30,65,0,0,0,0,0,0,0,0,-32306,0,0,0,0,0,126792,0
126795,-138,8324,562,-152,-86,348,14060,-1,1,-5,0,37055,142,30,65,0,0,0,0,0,0,0,0,-32305,0,0,0,0,0,126797,0
126800,-196,8118,458,-151,-89,337,14060,-5,2,-3,0,37055,142,30,65,0,0,0,0,0,0,0,0,-32305,0,0,0,0,0,126802,0
126805,-210,8172,514,-156,-84,331,14060,-2,-2,-4,0,37054,149,30,65,0,0,0,0,0,0,0,0,-32306,0,0,0,0,0,126807,0
126810,-356,8054,528,-150,-91,329,14061,7,1,-4,0,37054,149,30,65,0,0,0,0,0,0,0,0,-32306,0,0,0,0,0,126812,0
126815,-246,8130,724,-162,-92,334,14061,5,1,-2,0,37052,145,30,65,0,0,0,0,0,0,0,0,-32306,0,0,0,0,0,126817,0
126820,-314,7972,694,-157,-100,330,14061,-1,5,-4,0,37052,145,30,65,0,0,0,0,0,0,0,0,-32306,0,0,0,0,0,126822,0
126825,-244,8060,752,-163,-105,329,14060,-2,1,-4,0,37051,146,30,65,0,0,0,0,0,0,0,0,-32306,0,0,0,0,0,126827,0
126830,-392,7900,714,-152,-116,321,14061,-3,0,-3,0,37051,146,30,65,0,0,0,0,0,0,0,0,-32305,0,0,0,0,0,126832,0
126835,-308,8036,774,-160,-130,329,14061,0,5,-3,0,37055,144,30,65,0,0,0,0,0,0,0,0,-32306,0,0,0,0,0,126837,0
126840,-242,8138,708,-141,-163,317,14062,4,2,-3,0,37055,144,30,65,0,0,0,0,0,0,0,0,-32305,0,0,0,0,0,126842,0
126845,-356,7976,706,-138,-180,305,14060,-1,-1,-4,0,37057,152,30,65,0,0,0,0,0,0,0,0,-32305,0,0,0,0,0,126847,0
126850,-198,8232,872,-139,-187,315,14061,2,4,-3,0,37057,152,30,65,0,0,0,0,0,0,0,0,-32306,0,0,0,0,0,126852,0
126855,-106,8426,970,-136,-205,317,14060,0,1,-7,0,37054,156,30,65,0,0,0,0,0,0,0,0,-32306,0,0,0,0,0,126857,0
126860,-82,8290,908,-128,-229,297,14060,-3,-4,-3,0,37054,156,30,65,0,0,0,0,0,0,0,0,-32305,0,0,0,0,0,126862,0
126865,-126,8446,890,-116,-244,285,14060,-5,-1,-4,0,37052,153,30,65,0,0,0,0,0,0,0,0,-32306,0,0,0,0,0,126867,0
126870,-136,8312,872,-107,-257,285,14062,0,2,-3,0,37052,153,30,65,0,0,0,0,0,0,0,0,-32306,0,0,0,0,0,126872,0
126875,-124,8280,938,-98,-269,271,14061,1,-1,-3,0,37053,143,30,65,0,0,0,0,0,0,0,0,-32305,0,0,0,0,0,126877,0
126880,-110,8224,936,-82,-305,259,14061,5,1,-2,0,37053,143,30,65,0,0,0,0,0,0,0,0,-32306,0,0,0,0,0,126882,0
126885,-92,8188,932,-76,-333,256,14060,3,0,-4,0,37056,141,30,65,0,0,0,0,0,0,0,0,-32306,0,0,0,0,0,126887,0
126890,-166,8100,900,-67,-352,247,14059,-7,0,-5,0,37056,141,30,65,0,0,0,0,0,0,0,0,-32306,0,0,0,0,0,126892,0
126895,-158,8038,934,-61,-377,241,14061,5,4,-5,0,37057,143,30,65,0,0,0,0,0,0,0,0,-32306,0,0,0,0,0,126897,0
126900,-62,7988,964,-46,-407,228,14060,-4,-2,-3,0,37057,143,30,65,0,0,0,0,0,0,0,0,-32306,0,0,0,0,0,126902,0
126905,-44,7958,962,-37,-421,230,14060,2,2,-4,0,37058,149,30,65,0,0,0,0,0,0,0,0,-32306,0,0,0,0,0,126907,0
126910,-30,7948,1006,-35,-419,223,14061,0,-3,-4,0,37058,149,30,65,0,0,0,0,0,0,0,0,-32306,0,0,0,0,0,126912,0
126915,-20,7940,1052,-23,-422,217,14061,0,3,-3,0,37059,148,30,65,0,0,0,0,0,0,0,0,-32305,0,0,0,0,0,126917,0
126920,38,7912,1068,-1,-418,207,14061,0,0,-4,0,37059,148,30,65,0,0,0,0,0,0,0,0,-32306,0,0,0,0,0,126922,0
126925,10,7952,1092,0,-416,208,14061,0,1,-4,0,37058,145,30,65,0,0,0,0,0,0,0,0,-32306,0,0,0,0,0,126927,0
126930,44,7946,1056,9,-418,205,14060,0,-2,-3,0,37058,145,30,65,0,0,0,0,0,0,0,0,-32306,0,0,0,0,0,126932,0
126935,26,7960,1022,20,-419,200,14060,1,2,-4,0,37055,155,30,65,0,0,0,0,0,0,0,0,-32306,0,0,0,0,0,126937,0
126940,30,8022,994,37,-420,194,14061,-2,3,-4,0,37055,155,30,65,0,0,0,0,0,0,0,0,-32306,0,0,0,0,0,126942,0
126945,24,8018,952,44,-423,188,14060,-3,-2,-4,0,37052,158,30,65,0,0,0,0,0,0,0,0,-32306,0,0,0,0,0,126947,0
126950,32,8042,928,49,-418,183,14061,0,-1,-3,0,37052,158,30,65,0,0,0,0,0,0,0,0,-32306,0,0,0,0,0,126952,0
126955,38,8064,934,50,-427,183,14060,-1,-2,-3,0,37055,165,30,65,0,0,0,0,0,0,0,0,-32306,0,0,0,0,0,126957,0
126960,56,8134,854,60,-438,167,14060,-1,-1,-3,0,37055,165,30,65,0,0,0,0,0,0,0,0,-32305,0,0,0,0,0,126962,0
126965,44,8144,790,68,-435,168,14061,-2,-2,-3,0,37055,152,30,65,0,0,0,0,0,0,0,0,-32306,0,0,0,0,0,126967,0
126970,46,8170,734,64,-438,166,14061,-5,0,-4,0,37055,152,30,65,0,0,0,0,0,0,0,0,-32306,0,0,0,0,0,126972,0
126975,62,8190,720,66,-430,157,14061,1,1,-5,0,37056,163,30,65,0,0,0,0,0,0,0,0,-32306,0,0,0,0,0,126977,0
126980,44,8170,672,65,-436,155,14061,2,-4,-4,0,37056,163,30,65,0,0,0,0,0,0,0,0,-32306,0,0,0,0,0,126982,0
126985,48,8186,662,66,-430,149,14061,5,1,-4,0,37052,144,30,65,0,0,0,0,0,0,0,0,-32305,0,0,0,0,0,126987,0
126990,48,8196,630,65,-420,146,14061,1,2,-5,0,37052,144,30,65,0,0,0,0,0,0,0,0,-32306,0,0,0,0,0,126992,0
126995,44,8182,590,60,-409,140,14061,0,-3,-3,0,37051,136,30,65,0,0,0,0,0,0,0,0,-32305,0,0,0,0,0,126997,0
127000,-6,8174,516,51,-399,138,14061,4,0,-3,0,37051,136,30,65,0,0,0,0,0,0,0,0,-32306,0,0,0,0,0,127002,0
127005,-46,8152,532,49,-400,139,14061,-1,-5,-4,0,37055,136,30,65,0,0,0,0,0,0,0,0,-32305,0,0,0,0,0,127007,0
127010,-54,8118,516,47,-391,136,14061,-4,2,-4,0,37055,136,30,65,0,0,0,0,0,0,0,0,-32305,0,0,0,0,0,127012,0
127015,-94,8054,484,37,-386,141,14063,7,-3,-3,0,37056,149,30,65,0,0,0,0,0,0,0,0,-32306,0,0,0,0,0,127017,0
127020,-40,8060,496,30,-375,144,14061,0,-2,-4,0,37056,149,30,65,0,0,0,0,0,0,0,0,-32306,0,0,0,0,0,127022,0
127025,-18,8062,446,17,-369,146,14061,-2,-4,-4,0,37051,154,30,65,0,0,0,0,0,0,0,0,-32306,0,0,0,0,0,127027,0
127030,-12,8084,428,11,-368,146,14060,-4,-4,-4,0,37051,154,30,65,0,0,0,0,0,0,0,0,-32306,0,0,0,0,0,127032,0
127035,48,8100,408,8,-355,147,14061,-7,-2,-5,0,37049,143,30,65,0,0,0,0,0,0,0,0,-32306,0,0,0,0,0,127037,0
127040,120,8110,438,-5,-335,138,14061,3,0,-4,0,37049,143,30,65,0,0,0,0,0,0,0,0,-32306,0,0,0,0,0,127042,0
127045,126,8130,422,-19,-322,145,14062,0,-2,-5,0,37051,141,30,65,0,0,0,0,0,0,0,0,-32306,0,0,0,0,0,127047,0
127050,182,8150,440,-19,-299,138,14061,0,0,-3,0,37051,141,30,65,0,0,0,0,0,0,0,0,-32306,0,0,0,0,0,127052,0
127055,182,8192,422,-26,-287,140,14061,-5,0,-4,0,37057,146,30,65,0,0,0,0,0,0,0,0,-32306,0,0,0,0,0,127057,0
127060,214,8202,438,-40,-254,133,14061,-1,-1,-3,0,37057,146,30,65,0,0,0,0,0,0,0,0,-32306,0,0,0,0,0,127062,0
127065,202,8228,434,-47,-242,132,14060,-5,-2,-5,0,37059,141,30,65,0,0,0,0,0,0,0,0,-32306,0,0,0,0,0,127067,0
127070,210,8246,430,-54,-232,128,14062,1,1,-3,0,37059,141,30,65,0,0,0,0,0,0,0,0,-32306,0,0,0,0,0,127072,0
127075,186,8236,436,-60,-223,119,14061,0,-1,-5,0,37055,142,30,65,0,0,0,0,0,0,0,0,-32306,0,0,0,0,0,127077,0
127080,162,8228,446,-74,-200,115,14061,0,5,-2,0,37055,142,30,65,0,0,0,0,0,0,0,0,-32306,0,0,0,0,0,127082,0
127085,112,8150,500,-76,-198,112,14061,0,-2,-3,0,37056,146,30,65,0,0,0,0,0,0,0,0,-32306,0,0,0,0,0,127087,0
127090,86,8108,520,-83,-183,109,14062,0,3,-5,0,37056,146,30,65,0,0,0,0,0,0,0,0,-32306,0,0,0,0,0,127092,0
127095,42,8032,556,-86,-182,108,14060,-4,1,-5,0,37055,157,30,65,0,0,0,0,0,0,0,0,-32306,0,0,0,0,0,127097,0
127100,136,7972,618,-101,-165,108,14061,0,1,-3,0,37055,157,30,65,0,0,0,0,0,0,0,0,-32306,0,0,0,0,0,127102,0
127105,152,7992,614,-101,-158,106,14060,-12,-3,-2,0,37053,160,30,65,0,0,0,0,0,0,0,0,-32306,0,0,0,0,0,127107,0
127110,198,7960,634,-102,-152,102,14062,0,3,-3,0,37053,160,30,65,0,0,0,0,0,0,0,0,-32306,0,0,0,0,0,127112,0
127115,230,7950,688,-107,-136,97,14060,-6,0,-3,0,37052,161,30,65,0,0,0,0,0,0,0,0,-32305,0,0,0,0,0,127117,0
127120,294,7984,678,-108,-114,97,14061,0,1,-3,0,37052,161,30,65,0,0,0,0,0,0,0,0,-32306,0,0,0,0,0,127122,0
127125,334,8014,824,-113,-104,91,14060,-2,-3,-2,0,37054,154,30,65,0,0,0,0,0,0,0,0,-32306,0,0,0,0,0,127127,0
127130,264,8138,734,-112,-97,87,14061,-3,4,-3,0,37054,154,30,65,0,0,0,0,0,0,0,0,-32306,0,0,0,0,0,127132,0
127135,292,7954,658,-110,-80,78,14061,0,0,-4,0,37059,145,30,65,0,0,0,0,0,0,0,0,-32306,0,0,0,0,0,127137,0
127140,290,8234,770,-114,-61,70,14061,1,2,-4,0,37059,145,30,65,0,0,0,0,0,0,0,0,-32306,0,0,0,0,0,127142,0
127145,270,8216,836,-114,-51,69,14062,1,0,-4,0,37059,144,30,65,0,0,0,0,0,0,0,0,-32306,0,0,0,0,0,127147,0
127150,174,8270,786,-120,-42,63,14061,0,-2,-4,0,37059,144,30,65,0,0,0,0,0,0,0,0,-32306,0,0,0,0,0,127152,0
127155,164,8170,718,-103,-40,58,14061,4,2,-4,0,37052,138,30,65,0,0,0,0,0,0,0,0,-32306,0,0,0,0,0,127157,0
127160,164,8252,856,-108,-27,51,14062,7,-4,-3,0,37052,138,30,65,0,0,0,0,0,0,0,0,-32306,0,0,0,0,0,127162,0
127165,122,8070,720,-103,-23,46,14061,2,-1,-3,0,37049,141,30,65,0,0,0,0,0,0,0,0,-32306,0,0,0,0,0,127167,0
127170,148,8146,804,-106,-17,41,14061,2,0,-3,0,37049,141,30,65,0,0,0,0,0,0,0,0,-32305,0,0,0,0,0,127172,0
127175,174,8142,846,-110,-13,43,14061,0,0,-2,0,37055,152,30,65,0,0,0,0,0,0,0,0,-32306,0,0,0,0,0,127177,0
127180,150,7906,812,-108,-4,37,14061,1,-1,-3,0,37055,152,30,65,0,0,0,0,0,0,0,0,-32306,0,0,0,0,0,127182,0
127185,154,8154,856,-110,5,35,14060,-1,-2,-4,0,37057,143,30,65,0,0,0,0,0,0,0,0,-32305,0,0,0,0,0,127187,0
127190,142,8156,784,-105,16,31,14061,1,-4,-4,0,37057,143,30,65,0,0,0,0,0,0,0,0,-32306,0,0,0,0,0,127192,0
127195,92,8054,802,-105,36,30,14061,0,2,-3,0,37057,150,30,65,0,0,0,0,0,0,0,0,-32306,0,0,0,0,0,127197,0
127200,208,8084,962,-114,50,32,14060,0,3,-2,0,37057,150,30,65,0,0,0,0,0,0,0,0,-32306,0,0,0,0,0,127202,0
127205,116,8084,930,-101,72,28,14061,-3,1,-3,0,37052,141,30,65,0,0,0,0,0,0,0,0,-32306,0,0,0,0,0,127207,0
127210,94,7940,846,-92,86,33,14062,0,-2,-4,0,37052,141,30,65,0,0,0,0,0,0,0,0,-32306,0,0,0,0,0,127212,0
127215,124,8044,1036,-90,106,29,14061,0,3,-3,0,37054,143,30,65,0,0,0,0,0,0,0,0,-32306,0,0,0,0,0,127217,0
127220,220,8018,1112,-94,134,36,14061,1,0,-4,0,37054,143,30,65,0,0,0,0,0,0,0,0,-32305,0,0,0,0,0,127222,0
127225,96,8048,918,-87,136,28,14061,3,-3,-3,0,37056,150,30,65,0,0,0,0,0,0,0,0,-32306,0,0,0,0,0,127227,0
127230,10,7916,790,-81,140,28,14060,1,1,-2,0,37056,150,30,65,0,0,0,0,0,0,0,0,-32306,0,0,0,0,0,127232,0
127235,34,7960,846,-91,147,30,14061,5,5,-3,0,37061,146,30,65,0,0,0,0,0,0,0,0,-32306,0,0,0,0,0,127237,0
127240,-14,8138,880,-85,151,34,14061,0,1,-4,0,37061,146,30,65,0,0,0,0,0,0,0,0,-32306,0,0,0,0,0,127242,0
127245,56,8168,1018,-88,152,39,14060,-7,3,-4,0,37064,150,30,65,0,0,0,0,0,0,0,0,-32307,0,0,0,0,0,127247,0
127250,-64,8152,848,-88,149,29,14061,-2,-3,-4,0,37064,150,30,65,0,0,0,0,0,0,0,0,-32307,0,0,0,0,0,127252,0
127255,-132,7992,744,-86,146,36,14062,4,-1,-4,0,37066,151,30,65,0,0,0,0,0,0,0,0,-32306,0,0,0,0,0,127257,0
127260,-34,8282,836,-84,142,43,14061,0,5,-4,0,37066,151,30,65,0,0,0,0,0,0,0,0,-32305,0,0,0,0,0,127262,0
127265,-54,8176,824,-95,139,38,14060,-4,2,-4,0,37063,152,30,65,0,0,0,0,0,0,0,0,-32305,0,0,0,0,0,127267,0
127270,-174,8122,816,-84,143,35,14061,0,-1,-3,0,37063,152,30,65,0,0,0,0,0,0,0,0,-32305,0,0,0,0,0,127272,0
127275,-210,8216,940,-85,133,44,14060,0,0,-3,0,37059,149,30,65,0,0,0,0,0,0,0,0,-32306,0,0,0,0,0,127277,0
127280,-200,8166,962,-81,128,47,14061,2,3,-3,0,37059,149,30,65,0,0,0,0,0,0,0,0,-32306,0,0,0,0,0,127282,0
127285,-176,8160,978,-72,119,47,14061,0,-2,-4,0,37057,145,30,65,0,0,0,0,0,0,0,0,-32306,0,0,0,0,0,127287,0
127290,-170,8190,980,-70,115,52,14061,0,3,-5,0,37057,145,30,65,0,0,0,0,0,0,0,0,-32306,0,0,0,0,0,127292,0
127295,-206,8144,978,-72,92,50,14060,-8,-1,-4,0,37055,148,30,65,0,0,0,0,0,0,0,0,-32306,0,0,0,0,0,127297,0
127300,-202,8096,998,-62,68,54,14060,-2,0,-2,0,37055,148,30,65,0,0,0,0,0,0,0,0,-32306,0,0,0,0,0,127302,0
127305,-410,8076,1012,-65,32,61,14061,-3,-1,-4,0,37055,148,30,65,0,0,0,0,0,0,0,0,-32306,0,0,0,0,0,127307,0
127310,-188,8078,990,-59,26,63,14062,5,0,-4,0,37055,148,30,65,0,0,0,0,0,0,0,0,-32306,0,0,0,0,0,127312,0
127315,-68,8128,1192,-54,29,65,14060,-1,2,-3,0,37055,148,30,65,0,0,0,0,0,0,0,0,-32306,0,0,0,0,0,127317,0
127320,-196,7986,960,-40,7,73,14061,-6,-1,-4,0,37055,148,30,65,0,0,0,0,0,0,0,0,-32306,0,0,0,0,0,127322,0
127325,-282,8100,1046,-43,-16,78,14062,0,-5,-4,0,37051,139,30,65,0,0,0,0,0,0,0,0,-32306,0,0,0,0,0,127327,0
127330,-252,8174,972,-43,-25,77,14061,0,-1,-5,0,37051,139,30,65,0,0,0,0,0,0,0,0,-32305,0,0,0,0,0,127332,0
127335,-194,8056,900,-30,-34,82,14061,3,-4,-5,0,37047,135,30,65,0,0,0,0,0,0,0,0,-32306,0,0,0,0,0,127337,0
127340,-146,8060,892,-39,-51,85,14062,-1,-6,-3,0,37047,135,30,65,0,0,0,0,0,0,0,0,-32306,0,0,0,0,0,127342,0
127345,-196,8120,902,-36,-64,89,14061,1,2,-4,0,37052,144,30,65,0,0,0,0,0,0,0,0,-32306,0,0,0,0,0,127347,0
127350,-220,8100,892,-45,-73,97,14061,2,0,-3,0,37052,144,30,65,0,0,0,0,0,0,0,0,-32306,0,0,0,0,0,127352,0
127355,-244,8100,842,-38,-85,101,14062,0,-4,-4,0,37058,153,30,65,0,0,0,0,0,0,0,0,-32306,0,0,0,0,0,127357,0
127360,-276,8086,882,-39,-104,114,14061,1,-5,-4,0,37058,153,30,65,0,0,0,0,0,0,0,0,-32306,0,0,0,0,0,127362,0
127365,-302,8060,904,-36,-111,119,14061,-4,-1,-4,0,37059,155,30,65,0,0,0,0,0,0,0,0,-32306,0,0,0,0,0,127367,0
127370,-346,8076,902,-39,-130,121,14062,4,-5,-3,0,37059,155,30,65,0,0,0,0,0,0,0,0,-32306,0,0,0,0,0,127372,0
127375,-358,8066,938,-38,-136,130,14062,-3,-1,-5,0,37058,140,30,65,0,0,0,0,0,0,0,0,-32305,0,0,0,0,0,127377,0
127380,-360,8000,900,-41,-174,145,14062,9,-1,-5,0,37058,140,30,65,0,0,0,0,0,0,0,0,-32306,0,0,0,0,0,127382,0
127385,-322,8048,926,-39,-190,146,14061,3,-4,-4,0,37060,141,30,65,0,0,0,0,0,0,0,0,-32306,0,0,0,0,0,127387,0
127390,-260,8102,874,-49,-197,153,14061,1,2,-4,0,37060,141,30,65,0,0,0,0,0,0,0,0,-32306,0,0,0,0,0,127392,0
127395,-236,8088,844,-43,-201,161,14061,1,-1,-5,0,37061,144,30,65,0,0,0,0,0,0,0,0,-32305,0,0,0,0,0,127397,0
127400,-108,8142,820,-46,-202,170,14061,-3,2,-2,0,37061,144,30,65,0,0,0,0,0,0,0,0,-32306,0,0,0,0,0,127402,0
127405,-74,8150,876,-49,-202,173,14061,0,-1,-3,0,37057,140,30,65,0,0,0,0,0,0,0,0,-32306,0,0,0,0,0,127407,0
127410,-6,8146,930,-47,-197,180,14060,3,3,-3,0,37057,140,30,65,0,0,0,0,0,0,0,0,-32306,0,0,0,0,0,127412,0
127415,72,8192,988,-56,-177,178,14060,-5,2,-3,0,37051,147,30,65,0,0,0,0,0,0,0,0,-32306,0,0,0,0,0,127417,0
127420,-16,8114,976,-50,-165,189,14060,-9,-1,-4,0,37051,147,30,65,0,0,0,0,0,0,0,0,-32306,0,0,0,0,0,127422,0
127425,-26,8152,996,-48,-158,192,14060,-5,4,-3,0,37052,152,30,65,0,0,0,0,0,0,0,0,-32305,0,0,0,0,0,127427,0
127430,-24,8056,972,-50,-150,193,14062,2,2,-2,0,37052,152,30,65,0,0,0,0,0,0,0,0,-32306,0,0,0,0,0,127432,0
127435,28,8060,1054,-47,-142,194,14061,0,0,-3,0,37054,154,30,65,0,0,0,0,0,0,0,0,-32306,0,0,0,0,0,127437,0
127440,102,8012,1032,-47,-115,201,14060,-6,1,-4,0,37054,154,30,65,0,0,0,0,0,0,0,0,-32306,0,0,0,0,0,127442,0
127445,114,8016,1062,-44,-107,202,14060,-8,-1,-3,0,37051,151,30,65,0,0,0,0,0,0,0,0,-32306,0,0,0,0,0,127447,0
127450,118,8030,1026,-44,-107,199,14061,-5,-2,-2,0,37051,151,30,65,0,0,0,0,0,0,0,0,-32306,0,0,0,0,0,127452,0
127455,94,8032,1006,-44,-91,205,14062,-3,2,-3,0,37048,143,30,65,0,0,0,0,0,0,0,0,-32305,0,0,0,0,0,127457,0
127460,160,8054,1044,-31,-70,207,14061,0,4,-4,0,37048,143,30,65,0,0,0,0,0,0,0,0,-32306,0,0,0,0,0,127462,0
127465,106,7984,1044,-39,-70,208,14062,3,-1,-4,0,37046,139,30,65,0,0,0,0,0,0,0,0,-32306,0,0,0,0,0,127467,0
127470,142,8020,1030,-36,-58,205,14062,0,2,-2,0,37046,139,30,65,0,0,0,0,0,0,0,0,-32306,0,0,0,0,0,127472,0
127475,160,8046,1010,-39,-54,212,14061,0,1,-5,0,37048,135,30,65,0,0,0,0,0,0,0,0,-32306,0,0,0,0,0,127477,0
127480,148,8056,966,-32,-33,214,14060,0,-2,-4,0,37048,135,30,65,0,0,0,0,0,0,0,0,-32306,0,0,0,0,0,127482,0
127485,176,8112,1044,-34,-18,213,14061,4,-2,-8,0,37053,137,30,65,0,0,0,0,0,0,0,0,-32306,0,0,0,0,0,127487,0
127490,178,8118,972,-29,-20,211,14061,-3,2,-6,0,37053,137,30,65,0,0,0,0,0,0,0,0,-32305,0,0,0,0,0,127492,0
127495,200,8154,944,-34,-15,209,14060,-5,-3,-4,0,37052,140,30,65,0,0,0,0,0,0,0,0,-32306,0,0,0,0,0,127497,0
127500,220,8092,986,-33,2,206,14061,-1,-3,-4,0,37052,140,30,65,0,0,0,0,0,0,0,0,-32306,0,0,0,0,0,127502,0
127505,148,8132,942,-35,5,208,14061,6,-3,-4,0,37053,144,30,65,0,0,0,0,0,0,0,0,-32306,0,0,0,0,0,127507,0
127510,124,8132,942,-31,4,205,14061,5,-1,-3,0,37053,144,30,65,0,0,0,0,0,0,0,0,-32306,0,0,0,0,0,127512,0
127515,204,8042,1008,-31,6,204,14061,1,5,-2,0,37052,147,30,65,0,0,0,0,0,0,0,0,-32306,0,0,0,0,0,127517,0
127520,148,8042,950,-32,5,206,14061,0,1,-3,0,37052,147,30,65,0,0,0,0,0,0,0,0,-32306,0,0,0,0,0,127522,0
127525,118,8052,936,-33,4,204,14060,-4,0,-3,0,37055,149,30,65,0,0,0,0,0,0,0,0,-32306,0,0,0,0,0,127527,0
127530,132,8000,926,-33,1,204,14062,3,0,-5,0,37055,149,30,65,0,0,0,0,0,0,0,0,-32305,0,0,0,0,0,127532,0
127535,102,8000,944,-42,-8,206,14061,0,-2,-5,0,37054,147,30,65,0,0,0,0,0,0,0,0,-32306,0,0,0,0,0,127537,0
127540,60,7962,982,-39,-22,206,14060,-6,-3,-5,0,37054,147,30,65,0,0,0,0,0,0,0,0,-32305,0,0,0,0,0,127542,0
127545,76,7998,980,-42,-23,205,14062,2,3,-5,0,37053,140,30,65,0,0,0,0,0,0,0,0,-32306,0,0,0,0,0,127547,0
127550,134,7972,988,-39,-31,207,14062,1,-2,-4,0,37053,140,30,65,0,0,0,0,0,0,0,0,-32305,0,0,0,0,0,127552,0
127555,150,7986,990,-43,-36,204,14061,7,1,-2,0,37055,137,30,65,0,0,0,0,0,0,0,0,-32306,0,0,0,0,0,127561,0
127560,146,8060,998,-41,-57,204,14062,2,2,-1,0,37055,137,30,65,0,0,0,0,0,0,0,0,-32306,0,0,0,0,0,127569,0
127565,138,8058,1008,-38,-64,202,14061,-1,5,-3,0,37056,149,30,65,0,0,0,0,0,0,0,0,-32306,0,0,0,0,0,127578,0
127570,122,8102,1012,-40,-72,199,14061,-5,1,-3,0,37056,149,30,65,0,0,0,0,0,0,0,0,-32306,0,0,0,0,0,127591,0
127575,148,8048,1008,-46,-81,200,14060,-2,-5,-3,0,37050,150,30,65,0,0,0,0,0,0,0,0,-32305,0,0,0,0,0,127600,0
127580,122,8056,1050,-42,-108,196,14062,8,-3,-3,0,37050,150,30,65,0,0,0,0,0,0,0,0,-32306,0,0,0,0,0,127609,0
127585,76,8068,1068,-42,-132,190,14061,-1,3,-4,0,37050,147,30,65,0,0,0,0,0,0,0,0,-32306,0,0,0,0,0,127621,0
127590,138,8090,1064,-46,-144,192,14061,-1,0,-3,0,37050,147,30,65,0,0,0,0,0,0,0,0,-32306,0,0,0,0,0,127631,0
127595,148,8062,1066,-47,-166,188,14061,-1,-1,-4,0,37054,147,30,65,0,0,0,0,0,0,0,0,-32306,0,0,0,0,0,127640,0
127600,192,8068,1038,-43,-202,186,14061,-6,0,-4,0,37054,147,30,65,0,0,0,0,0,0,0,0,-32306,0,0,0,0,0,127649,0
127605,214,8082,1056,-45,-221,175,14061,-3,-4,-4,0,37060,152,30,65,0,0,0,0,0,0,0,0,-32305,0,0,0,0,0,127658,0
127610,198,8074,1048,-34,-228,176,14061,0,-1,-3,0,37060,152,30,65,0,0,0,0,0,0,0,0,-32306,0,0,0,0,0,127671,0
127615,194,8086,1080,-43,-255,173,14060,0,-3,-3,0,37060,157,30,65,0,0,0,0,0,0,0,0,-32306,0,0,0,0,0,127680,0
127620,172,8072,1086,-43,-276,165,14060,-5,0,-4,0,37060,157,30,65,0,0,0,0,0,0,0,0,-32306,0,0,0,0,0,127689,0
127625,192,8066,1064,-32,-289,165,14062,3,3,-2,0,37050,148,30,65,0,0,0,0,0,0,0,0,-32306,0,0,0,0,0,127698,0
127630,210,8062,1082,-36,-302,158,14062,3,0,-3,0,37050,148,30,65,0,0,0,0,0,0,0,0,-32306,0,0,0,0,0,127711,0
127635,260,8018,1094,-34,-312,157,14061,3,2,-5,0,37046,139,30,65,0,0,0,0,0,0,0,0,-32306,0,0,0,0,0,127720,0
127640,294,8068,1148,-36,-326,150,14062,1,2,-3,0,37046,139,30,65,0,0,0,0,0,0,0,0,-32305,0,0,0,0,0,127729,0
